item,apparel_accessories,home_garden_furniture,other
DAGMAR SCARF GRID GREY MELANGE  - Size : one size,0.9577896735835163,0.0068132395348731644,0.03539708688161042
Black puff sleeve midi shirt dress 12 Black,0.9999987101302747,7.015895883991055e-07,5.882801370253496e-07
"GPx Shorts, Men's Jet Black - Size : S",0.9897897798221178,0.0027619238092181963,0.007448296368664043
New Look Petite tie waist denim playsuit in mid blue,0.9991469641988481,0.000300810342516574,0.0005522254586352773
lelli kelly pink swan baby dolly trainers toddler UK 6,0.006331906027546262,0.0007278048263817466,0.9929402891460719
Mini girls purple printed ribbed vests 3 pack 12-18 Mths Purple,0.2292293174521278,0.7474130933396783,0.02335758920819391
White Satin Button Front Shirt,0.999959479350485,3.9574928154314545e-05,9.457213606516079e-07
Toddler Girls Two Tone Sweatshirt,0.007265569990191284,0.0012758113893041917,0.9914586186205046
High Waisted Side Slit Flared Trousers,0.9984213126162134,0.0007795895453367556,0.000799097838449865
Ditsy Floral Bandeau Knot Detail Maxi Dress,0.9992391487913169,0.000439020029489062,0.00032183117919409464
JDY t-shirt with lace cuff in white,0.9996081924676694,0.0003819842932449026,9.823239085781428e-06
ASOS DESIGN Plus 12.5oz skinny jeans in washed black with knee rip and destroyed hem,0.9998801217767685,2.3476075168135842e-05,9.640214806333315e-05
Pink Polka Dot Pyjama Bottoms,0.9148327037306118,0.030539451452567114,0.05462784481682108
Training Leggings - Grey - S,0.9989343158193266,0.000708001446335762,0.0003576827343375853
ASOS DESIGN Curve oversized t-shirt with long sleeve with savage back print in purple,0.9999896079322831,5.740027764541065e-06,4.65203995251983e-06
Pull&Bear hoodie in ecru,0.9571251678079874,0.021238425532543376,0.02163640665946931
PRETTYLITTLETHING Light Blue Wash Distressed Denim Mom Shorts,0.9943725845742216,0.0033869933509036985,0.002240422074874818
Attitude Slinky High Waisted Shorts in Ice Blue,0.9980405928429812,0.0013527159732369422,0.0006066911837820547
V-12 Leather Extra White Cyprus Trainers,0.9717351411847632,0.02126913109646204,0.006995727718774942
Fine Double Piquet Jersey Polo – XL - Olive,0.8138111340875767,0.049218140576736395,0.13697072533568694
Under Armour camo box logo t-shirt in green,0.9958836709595026,0.002562331078106765,0.0015539979623907872
Fred Perry Core Pocket Short Sleeve T-Shirt,0.9998168739501214,0.00014476591352849914,3.836013635013934e-05
Cream Frill Trim Puff Sleeve Jumper,0.983110601949045,0.013695331011649652,0.0031940670393055567
ASOS 4505 jersey utility jogger,0.9962825923427018,0.001725896700684099,0.001991510956614161
Gymshark Sport Shorts - Charcoal - Large,0.9667970664187749,0.02569546273850266,0.007507470842722439
Disney Pixar Toy Story Woody Dangle Charm,0.9900693635695447,0.003022015284069909,0.006908621146385448
White Tassel Hem Halterneck Playsuit,0.9649997216576512,0.022213475962687468,0.012786802379661157
Nike Modern Lightweight Track Pants,0.9650982883224173,0.03120161025755291,0.0037001014200298407
adidas black & white handball spezial trainers UK 8,0.9977172167689087,6.380310762465857e-05,0.002218980123466528
Soft Rib Wrap Beltted Midi Dress,0.9930026093303685,0.0010462194334702512,0.00595117123616122
Puma Running leggings in black,0.999674957235145,0.00019961527580254526,0.00012542748905240746
2016 Women Vintage Backpack Gypsy Bohemian Hobo Chic Hippie Aztec Folk Tribal Woven String Backpack Female Drawstring Rucksack,0.13823876993866083,0.7863593393814869,0.07540189067985228
Scotch & Soda amsblauw check long sleeve shirt,0.9999760006335671,6.132876488296291e-06,1.786648994471549e-05
Gymshark Training Leggings - Black - Small,0.9986275521039584,0.0009447351796691596,0.00042771271637236905
Grey Marl Basic Cycle Shorts,0.9955646184263353,0.0013458807092596148,0.0030895008644051744
ASOS DESIGN Wrap Jumpsuit with Horn Button and Culotte Leg,0.9998348926427473,4.130255523820238e-05,0.00012380480201458973
Wash Me Do It High-Waisted Mom Jeans,0.9977215389226817,0.0005345831243517274,0.0017438779529665984
Missguided slinky cut out mini dress in black,0.9992072791082447,0.00018637964876026618,0.0006063412429950914
Large Sterling Silver Initial Charm - K / No,0.9840646418009316,0.012213346508519041,0.003722011690549468
Ping Holten Golf Polo Shirt Navy P03483-N125,0.9962551586586803,0.003308143363134893,0.00043669797818494157
Slim Fit Denim Dungarees,0.9954127438990187,0.0037294650405805953,0.0008577910604007894
Black One Shoulder Waist Cut Out Bodycon Dress,0.9943165489538446,0.00040198038447636673,0.0052814706616791446
Flower Pressed Round Pendant Necklace,0.9818911232842443,0.007602541395973416,0.010506335319782355
Petite Tailored Belted Shorts,0.9970927852104724,0.001589341273220312,0.0013178735163073695
Grey Marl Lace Trim Top,0.9980516766687403,0.00178398617693228,0.00016433715432733154
3pack Letter Graphic Shorts Co-ord Bikini Swimsuit,0.9987782072254788,0.0004945962020241352,0.0007271965724970096
Calvin Klein Jeans zolah trainers in natural/white,0.9992364322826833,0.00019489367143995183,0.0005686740458767023
Cobalt Blue V-Neck Cotton T-Shirt,0.9997725112266564,0.00022226606415984328,5.222709183804583e-06
Puma Essentials t-shirt with small logo in navy,0.9966414332377479,0.0026394254216615867,0.0007191413405903727
Black Lightweight Bomber Jacket,0.9958554653855028,0.002133231601603166,0.00201130301289404
Kickers Kick Low Core Shoe,0.7230365642646567,0.031976961506372775,0.2449864742289706
ASOS DESIGN sheer mesh printed daisy ankle sock,0.9998074207927061,9.116022481202338e-05,0.00010141898248184273
ASOS DESIGN Hourglass Curve lift and contour skinny jeans in clean black,0.9987549685511922,0.00024440913567102477,0.0010006223131368167
2 Pack Black and Grey Twill Jersey Shorts Multipack*,0.9979422896107489,0.0012665457867513247,0.0007911646024998028
NA-KD tie waist pleated mini skater dress in burgundy,0.9911671747043781,0.0004145285174889683,0.008418296778132925
Things I Like Things I Love TILTIL Masaya Blouse Grey,0.974555503314477,0.006460928363218812,0.018983568322303933
Sand Weekend In New York Slogan Bodysuit,0.9753849890566745,0.014276028201336855,0.010338982741988648
Tie-Strap Smocked Cami Set Top,0.9976860092049027,0.00022480449368188397,0.002089186301415365
Pink Crinkle Tie Front Bikini Top,0.9990241793524797,9.747647445886365e-05,0.0008783441730614161
Lace Panel Ruched Cami Top,0.9998191523008013,0.00010927020612771348,7.157749307079637e-05
Recycled Structured LS Frill Blouse,0.9943824090572816,0.0033778001632228643,0.0022397907794955785
V-shape Waist Flippy Shorts,0.9957902203598555,0.0032925622296558284,0.0009172174104886385
Dsquared2 - Icon Large Print Cool Fit Short Sleeved T-Shirt - Red,0.9846565825536938,0.014358907812386367,0.0009845096339197337
Halterneck A-Line Midi Dress,0.9928125162910336,0.0029143864936923224,0.004273097215274127
Black Vegan Leather Shorts - XS,0.9962410452537797,0.0023541905447433927,0.0014047642014770622
Pale Pink Lace Back Seamless Brazilian Briefs,0.9992318919062736,0.0006614627302802621,0.00010664536344618262
Off The Shoulder Wide Leg Knitted Co-ord,0.8690336762510955,0.004650188301196066,0.12631613544770856
Public Desire structured cami crop top with chain straps in satin,0.9999803741806572,1.6001141333919626e-05,3.6246780089300892e-06
Pour Moi Eden lace trim t-shirt bra in almond,0.9998749292958077,0.00012326643942483782,1.8042647675681984e-06
ASOS DESIGN lounge sweat & jogger set,0.995867483214464,0.0035567893300849935,0.0005757274554508921
ASOS DESIGN Petite co-ord knitted leggings in black,0.9999551227866974,9.417060556048092e-07,4.393550724711292e-05
PRETTYLITTLETHING White With Black Stitch Oversized Boyfriend Denim Jacket,0.9991889126747835,0.0001753979355333009,0.0006356893896832511
Cut And Sew Contrast Trim Sports Bra,0.9734134866134246,0.013445187021271893,0.013141326365303315
Vera Wang Embrace EDT Green Tea and Pear Blossom 30 ml,0.27333047516873293,0.19268895829444266,0.5339805665368245
Timberland brown treeline mid hiker boots UK 7,0.9895874406378136,0.0006430787797497966,0.009769480582436827
Yeva Trouser in Black by Motel - XS,0.994677865153065,0.0011161200050957758,0.004206014841839237
Boys black printed t-shirt 5 pack 9-10 Yrs Black,0.9991678135124566,0.0005683814473160477,0.0002638050402273176
New Look faux leather espadrille wedges in black,0.9933978285342653,0.005388339119072929,0.0012138323466618862
MOTEL X OLIVIA NEILL Dad Denim Short in Rich Brown - XS,0.9871068861405728,0.008321779410996889,0.004571334448430379
Storm Hybrid Zip Hoodie,0.990485465398268,0.0022840241196708413,0.00723051048206125
Plus Ditsy Floral Print Tie Front Layered Ruffle Hem Shorts,0.9977955071047657,0.00018971047526409072,0.002014782419970152
ASOS DESIGN single hoop earring with gothic R initial and swarovski crystal in gold tone,0.9980012381954017,0.0006778330638165321,0.0013209287407818266
Nike Running Quest 3 trainers in triple black,0.9990552193580816,0.0007454281252321873,0.00019935251668620925
Mini girls bright pink print T-shirt outfit 18-24 Mths Pink,0.9968185020660539,0.0028849994258094876,0.0002964985081366846
JDY ribbed jumper with crew neck in blue,0.9768559532022626,0.022946887203529227,0.00019715959420822535
New Look Petite mini tea dress in pink polka dot,0.9984756754679939,0.000960789569858604,0.0005635349621474588
Nike Nike Air Max Viva Women's Shoe,0.9364338645838396,0.011323362964778556,0.05224277245138187
Only mom denim shorts in blue,0.9996137934253382,0.0003170380567475085,6.916851791417196e-05
3 Pack Colourblock TShirts 3mths7yrs,0.8558350970708539,0.05915654221642114,0.08500836071272501
x1 Liberty Floors Premium Plus 6mm Concrete Grey Waterproof Tile Engineered Click Vinyl Flooring Sample 46953,0.03493968834874992,0.8917641937236322,0.07329611792761788
[Super non-slip] Slippers women summer middle and large boys kids cartoon sandals and slippers bathroom inside and outside wear children's slippers,0.41469881359834104,0.09996610416468872,0.4853350822369703
Pale Blue Frill Sleeve T-Shirt,0.9992258824348771,0.0007310994286009082,4.3018136521982684e-05
Light Blue Skinny Shorts,0.9730155725755584,0.025816768994641102,0.0011676584298006378
Rib Round Neck Singlet,0.9548814364193259,0.007068127082696762,0.038050436497977284
Puff Sleeve Wide Neck Knitted Sweater,0.9997917017098287,5.675486291683188e-05,0.00015154342725446444
converse white & red cribster fruits shoes baby UK 1,0.9990931957502991,0.0002963316439744107,0.0006104726057264461
Plus Lace Panelled Midi Dress,0.9997615758298852,0.00013414150623723524,0.00010428266387759927
Shape White Ruched Front Cropped Shirt,0.9991779074281257,0.0007494935051920298,7.259906668212414e-05
India Thong - Black Size : 12,0.9899748886176445,0.002734210407246565,0.007290900975108934
Baby Collar T-Shirt and Legging Set,0.9783963480333852,0.02118793527988808,0.00041571668672680487
Blazer Mid 77 'Sketch Pack' Trainer,0.8356950375053028,0.046531766511278244,0.11777319598341883
Curve Black Organza Puff Sleeve Top,0.9995030356440043,0.000249111280207588,0.000247853075787961
Burton Horizontal Mountain Short Sleeve T-Shirt,0.9987880973975674,0.0010307864150099265,0.00018111618742273897
French Connection polo in black,0.9877563754551325,0.008503710902099193,0.0037399136427682562
Black Ribbed Zip Up Bodysuit - Nala - 14 / Black,0.9629333512009255,0.03593019777353573,0.0011364510255387256
Orange floral organza puff sleeve top 12 Orange,0.9990529675966677,0.00027420039982228633,0.0006728320035101722
Chunky Signature Black Sweat Hoodie Black S,0.9976931333878628,0.000188784279657751,0.002118082332479552
Only wrap detail blouse with asymmetric hem in floral print,0.9999399035039761,4.3627217067549e-05,1.646927895626412e-05
x1 Nomination Classic Stainless Steel Base Charm Bracelet Size: 15cm,0.6974997783483426,0.17343688306117172,0.12906333859048547
Terracotta Polka Dot Print Tie Bust Puff Sleeve Shift Dress,0.9973141962784692,0.001052623515158888,0.0016331802063718304
Rhinestone Decor PU Belt,0.9829529282241002,0.007215092334118133,0.009831979441781635
ASOS DESIGN soft jacquard wide leg co ord trousers,0.993633215814094,0.0009123880111307613,0.005454396174775202
polo ralph lauren white & navy theron shoes baby UK 1.5,0.9945544575998121,0.0006255683058839835,0.004819974094303961
Gymshark Flex High Waisted Leggings - Pink/White - Small,0.9988116756170983,0.0007596020433541983,0.000428722339547563
Kam Cargo Combat Trousers - Black,0.9636507300847671,0.00761181342094831,0.028737456494284764
Navy slim fit half zip knitted polo shirt M Navy,0.9999720780462737,1.4399048780377313e-05,1.3522904945791185e-05
ASOS DESIGN sterling silver hoop earrings with twisted detail,0.9999539810763385,3.313165530086294e-05,1.288726836081567e-05
x1 ROYAL BLUE SHADOW STRIPE SHORTS Size: 78YRS,0.9808115814340636,0.018850574776284497,0.0003378437896520106
Vermont T Shirt - Black & Neon - S,0.9990085636324545,0.0006220877112974202,0.0003693486562481537
Black And Pink Satin Scrunchie 2 Pack,0.9764828983934198,0.017846517968674667,0.005670583637905471
RIBBED SWEATER WITH ROUND NECK,0.9780880179389558,0.021519330034597904,0.0003926520264460893
New Look sporty brooklyn slogan t-shirt in white,0.9990444351355333,0.0008622266365016228,9.333822796509891e-05
Striped High Waisted Bikini Briefs,0.9991131446039866,0.00027923167610503883,0.0006076237199083928
Floral Casual Round Neckline Short Sleeve Blouses (1645700952),0.9949859915895983,0.0023387428403386108,0.002675265570062999
Threadbare overcoat in lilac,0.24661361978876684,0.26831124238170945,0.48507513782952366
Black Crinkle Puff Sleeve Wrap Top,0.9999470105007464,2.327075612637104e-05,2.9718743127257625e-05
ASOS Date Night Box - SAVE 70%,0.14855515316551055,0.06194815375347474,0.7894966930810147
ASOS DESIGN rib cardigan with v neck in cream,0.999901377373817,4.455266236038468e-06,9.416735994679338e-05
ASOS DESIGN satin cami in zebra print,0.9999544895864063,9.915348108980834e-06,3.55950654847882e-05
ASOS DESIGN Farleigh high waist slim mom jeans with raw hem in dusty mauve,0.9999815254873253,2.301631311272345e-06,1.6172881363521923e-05
Pink Floral Print Frill Strap Skort Playsuit,0.9964436068393475,0.002621538647200309,0.0009348545134521657
& Other Stories drop shoulder jumper in violet,0.9228814342462021,0.017575805294387264,0.059542760459410767
Lucian Ruched Skirt - Silver Sequin - 10 / Silver,0.9723910762886808,0.021653084312610697,0.0059558393987084735
Pieces 90s square sunglasses with tinted lenses in tan,0.9501241259334114,0.02216941453891241,0.027706459527676124
ASOS DESIGN Tall deep waistband legging in elephant grey,0.994505391359419,0.0027109952616620244,0.002783613378918974
MAMA Seamless sports tights,0.9925927376412924,0.0006048290303475452,0.006802433328360027
ASOS DESIGN Scarlett western black heeled mules in cow print,0.9999228875481363,2.879581637871871e-05,4.831663548513766e-05
Nike 3-Pack Everyday Plus Training Crew Socks,0.991361077253748,0.0008933554768959424,0.00774556726935616
Boys white textured half zip polo shirt 11-12 Yrs White,0.9976580473642452,0.0021317586745877633,0.00021019396116691828
Nike Air Max Poly Overhead Hoodie Junior,0.91356668998792,0.057972608642722794,0.028460701369357053
ASOS DESIGN Petite satin pleat midi skirt in leopard print,0.9999895315891913,4.725246315192693e-06,5.7431644935586404e-06
Lilac Missguided Brushed Back Basic Cropped Sweatshirt,0.39602276117969837,0.003280106602524166,0.6006971322177775
Hot Pink Royal Balcony Bra & Thong - 36 / G / XL,0.9695115683003503,0.02012963786500937,0.010358793834640298
Nicce t-shirt with all over logo print,0.9999493847590867,4.5456979524890696e-05,5.158261388498615e-06
PETITE White Raglan Crop T-Shirt,0.9985988700001424,0.0012323759807119198,0.00016875401914590973
ASOS DESIGN Tall fitted polo in rib with long sleeve in black,0.9998909413854702,8.39950109891152e-06,0.00010065911343104268
Black High Neck Ruched Satin Mini Dress - 10 / BLACK,0.9999657531263305,4.907232232174713e-06,2.9339641437401327e-05
Girls White Eyelash Lips T-Shirt,0.9476521948790128,0.040165408345826444,0.012182396775160798
adidas Originals 'Leopard Luxe' cropped t-shirt,0.9998332889458306,3.942896162081046e-05,0.00012728209254866322
Plus Basic Crew Neck T- Shirt,0.9997915347384241,4.88538719576473e-05,0.00015961138961819053
ASOS DESIGN Pheebs slingback stiletto heels with bow in pale blue,0.9981866750443826,0.0009150558177135073,0.0008982691379039239
Converse black all star hi trainers toddler UK 2,0.08048123651047139,0.00010722392828400885,0.9194115395612447
2-pack light shaping thongs,0.6247368537567519,0.23389406900710652,0.14136907723614153
Boohoo crochet smock dress with tie neck in white,0.9999530331180126,1.1515146348776994e-05,3.5451735638611126e-05
Another Reason maxi bodycon skirt in rib with thigh split,0.9752193807906342,0.0038544750119967595,0.020926144197368907
Yours frill sleeve tierred smock blouse in pink & red floral,0.9997793967253126,0.0001758998632929137,4.470341139442748e-05
Split Hem Ditsy Floral Skirt,0.9918513868289311,0.003505271533016137,0.004643341638052766
DesignB layered neckchains in silver with t-bar and multicolour natural stone pendant,0.9256289045170423,0.048742417408512664,0.025628678074445087
Leopard Scarf Print Shirt Dress,0.9999974340062976,1.9413093994270455e-06,6.246843029384526e-07
Leo Midi Wrap Dress,0.9999420473172634,2.4162984576587902e-05,3.378969816013036e-05
ASOS DESIGN Plus longline hoodie with amour text print in black,0.9998215637374389,1.3109960579410618e-05,0.00016532630198158756
Women New Oxford Cloth Shoulder Bags Waterproof Nylon Messenger Bag Female Large Capacity Crossbody Bags wing1,0.19191878192488604,0.4492293644429406,0.3588518536321733
Missguided Petite cigarette trousers in black,0.9988741767858393,0.0005063702846204559,0.000619452929540027
adidas Originals essentials t-shirt in grey,0.9990197070447245,0.0005007735122682164,0.00047951944300731397
Puma exclusive to ASOS high waist ombre leggings in blue,0.9996115593885236,5.032023765423733e-05,0.0003381203738220398
Volume Sleeve Button Through Belted Playsuit,0.9998863960291879,5.42576025270039e-05,5.934636828513454e-05
Plus V-neck Flounce Sleeve Peekaboo Dress,0.9999932022475395,2.1737780597518146e-06,4.62397440061001e-06
Chocolate Mesh Bralet Cropped Shirt,0.9995550091846381,0.00028665002608173167,0.0001583407892801624
Brave Soul legging shorts in black,0.9994796625839948,0.0003390537519115063,0.00018128366409363844
ugg black classic femme mini boots UK 3,0.9893281683013465,0.00019386053119122153,0.010477971167462406
Contrast Tribal Print Sleeve Colour Block Dress,0.9999837409999845,1.4236572432941279e-05,2.0224275826042117e-06
Girls pink leopard bow socks 2 pack 9-c12 Brown,0.9996034078446046,5.1730708623109316e-05,0.00034486144677233887
Bershka denim shorts in skinny fit with rips in blue,0.9991142327417087,0.0008438303756306373,4.193688266058528e-05
Plus Solid Flap Pocket Cargo Trousers,0.9493690077219454,0.012603812945011379,0.03802717933304331
schuh black amy croc ankle boots UK 7,0.9955896082265604,0.00015765477631233168,0.00425273699712727
Women 100% Extra Fine Merino Wool Turtleneck Jumper,0.5720968472659056,0.1462071861559461,0.2816959665781483
adidas Originals adicolor cropped large logo t-shirt in orange,0.9994869900136596,0.0002810855751218321,0.00023192441121848073
Sway Mid Bootcut Jeans,0.9901705853816963,0.003851091700927593,0.005978322917376164
Missguided peplum blouse in spot,0.9431249160502397,0.028509109458951493,0.028365974490808667
ASOS DESIGN co-ord shirred waist shorts in polka dot print,0.9999645902953814,7.080124472949387e-06,2.8329580145397037e-05
Carhartt WIP state chromo back print t-shirt in black,0.9999231108991765,6.832143444337393e-05,8.567666380002124e-06
Green Frill Edge Padded Bikini Top,0.9996968130672388,0.00012305597126026962,0.00018013096150115116
Black Biggie 96 Print Oversized T Shirt,0.9999920036438219,6.056554863679809e-06,1.939801314358692e-06
Green Chiffon Leopard Print Wrap Dress,0.9998414451072787,9.483162582563494e-05,6.372326689566613e-05
Fila Vintage 1/4 Zip Polo Shirt Sky Blue,0.994854031401973,0.004474176175087416,0.0006717924229397453
Kia Trousers in Black & White Floral Print in Organic Cotton - L30,0.9981866235019726,0.0015266399255701925,0.00028673657245724074
x1 SikSilk Jersey Shorts  Grey Marl MEN SIZES BOTTOM: Medium 32in,0.9985734758322926,0.0010315324192996494,0.00039499174840776515
Pinstriped Flared Suit Pants,0.9988954144298388,0.0008326949199714242,0.00027189065018984267
Black Bardot Tassel Mini Dress,0.9965863752860883,0.0012146288619442915,0.002198995851967354
Mini girls white printed frill sleeve T-shirt 6-9 Mths White,0.9998279044122746,0.0001616806865160515,1.0414901209234812e-05
Black Matte Satin One Shoulder Button Detail Bodycon Dress,0.9999084301000887,3.655848808761655e-05,5.5011411823649895e-05
New Fashion Women Plus Size Casual T-shirt 3/4 Sleeve Blouse Button Printing Loose Tops,0.9997339619041968,9.182117400411713e-05,0.00017421692179893787
ASOS DESIGN Petite halter skater mini dress with pephem,0.9988277517429096,7.45618481455137e-05,0.0010976864089448533
Layered Waist Chain Belt,0.9998042039452063,0.00012460446865671362,7.119158613703912e-05
Shape Black Mesh Long Sleeve Ruched Bodysuit,0.9997498176453345,0.00010058656768660888,0.00014959578697872875
ASOS DESIGN lounge frill sleeve playsuit with button front in black,0.9999959802176949,2.039798662125927e-06,1.9799836431823105e-06
Photo Frame 50x70cm Oak,0.0005698953269163995,0.9836860889705594,0.015744015702524237
Rare Aloe Vera Plant Perfect Vegetables & Fruit Edible Beauty Edible Succulent Bonsai Plants for Home & Garden -20/60/120/200pcs,9.783767738605213e-07,0.9998768532223914,0.00012216840083474574
Abstract Branch Poster (30x40 cm),2.8820567122436503e-07,0.9999991060998755,6.056944531934233e-07
Contemporary Yellow No2 (50x70),0.00012296119070909486,0.9997871010638554,8.993774543558024e-05
x1 Holden Decor Holden Dcor Harlen Damask Woodland Hand Painted Style Animals Flowers Leaves Wallpaper 90805  Sample Request,0.0003901690461833269,0.9977370735542332,0.0018727573995834714
Fringed Waffle Towel 50 x 70 cm,0.0013517800760877673,0.9977002547714097,0.0009479651525025155
Mabel Floral Print Duvet Cover,0.004937416737425887,0.9945553493696087,0.0005072338929653996
Luxury Duvet™ | A Hotel Feeling At Home - Single Plus (140x210) / Grau,2.3573134381404554e-09,0.9999998872552343,1.1038745233639485e-07
Highams 100% Cotton Plain Duvet Set - Grey,0.008896266045324713,0.9902227525541806,0.0008809814004947473
1pc Home Design DIY Epoxy Mold,0.0016910240125630653,0.996249431786756,0.0020595442006809636
x1 ForYourLittleOne Grey Moses Basket Rocking Stand Colour: Grey,0.012664519158098464,0.9827187587887569,0.004616722053144722
2.0MP HD 1080P Outdoors Waterproof CCTV Camera Two Way Audio IP Cam P2P Mini WIFI Camera Full-Color Night Vision Surveillance Home Security Cam,0.006420189702384635,0.38816495087970704,0.6054148594179084
Typo block candle with slogan 'hot as',0.07438421193320648,0.9127956517142954,0.012820136352498158
Street Of Paris (21x30),0.0008985539787384248,0.9977749235949848,0.00132652242627682
Greenwiche 300 TC Duvet Cover Set,0.0008481307338047742,0.9989048827860565,0.00024698648013865847
x1 Pushchair Raincover Compatible with Mamas  Papas Model: Fits All Models,0.0009277906485860502,0.9973908397044396,0.0016813696469742457
Luxury Duvet™ | A Hotel Feeling At Home - Single Plus (140x210) / Grün,2.3573134381404554e-09,0.9999998872552343,1.1038745233639485e-07
Believe Poster (30x40 cm),3.9119105081155337e-08,0.9999998102584273,1.5062246769243256e-07
"1M/2M/3M//5M/10M/15M/20M  Solar String Lights 8 Modes Solar Powered /USB Powered Copper Wire Fairy Lights IP65 Waterproof Indoor Outdoor Lighting for Home, Garden, Party, Path, Lawn, Wedding, Christmas, DIY Decoration",4.792656081231595e-05,0.99782763218358,0.002124441255607635
Dried Leaf No4 (30x40),9.645117662885499e-05,0.9993340458880549,0.0005695029353162905
USB Charger Dual USB Wall Charger 4USB Wall Home Travel AC USB Charger Charging Adapter for iPhone Huawei Tablets and More,0.0020203992737555803,0.9527489099554735,0.0452306907707708
Weimar Shapes No1 (30x40),0.00015439494922718698,0.9993876995099594,0.00045790554081352064
Flowers Poster (21x30 cm (A4)),2.4688678582091967e-08,0.9999994692845825,5.060267387417779e-07
Black And Gold Veins No1 (50x70),0.000962799521023717,0.9979236158430911,0.0011135846358850952
Palms Poster (30x40 cm),3.9119105081155337e-08,0.9999998102584273,1.5062246769243256e-07
DKNY logo ribbed cuffed logo jogger in black,0.690590172640657,0.30621639909533327,0.0031934282640097545
4-7kg  Premium Himalayan Salt Lamp - Tested Bulb and Cable Included,0.0009257403757991369,0.9691166132109972,0.02995764641320366
Ribbed Bandeau Strap Singlet,0.2815669931412274,0.7025269859811047,0.01590602087766796
"Charley 2 Seater Sofa, Graphite Grey",0.007634828218175917,0.9896925630529212,0.0026726087289027254
USB Charging Dock Charger Adapter Data Transfer 1m Cable Line Portable for Garmin Forerunner 220 Smart Watch FTG,0.013539962988057727,0.7323496047152492,0.254110432296693
Mylee Pro Convex Curing Lamp,0.011281200357183701,0.969843098889841,0.01887570075297532
x1 Superfresco Easy Prestige Geo Diamond Metallic Lightly Textured Modern Grey Wallpaper  108607  Sample Request,0.003311882802809854,0.9960423157405807,0.0006458014566094537
1 x Aston Villa Home Shirt 2019-20 with Grealish 10 printing,0.004138041716294862,0.9958544341867005,7.524097004796115e-06
Mandala Print Round Beach Blanket,0.013586942458679961,0.982221138269728,0.004191919271591999
Marble Geo Duvet Cover and Pillowcase Set - Grey / Double,0.00016078062618285778,0.9995952634685411,0.00024395590527605696
Black ribbed split side flare 12 Black,0.46993882547389176,0.5121175543504473,0.017943620175661097
Prado Upholstered Bed Frame,0.0005659426980923626,0.9993884474666387,4.5609835269043164e-05
6 Seater Rattan Effect Corner Sofa Set with Cushions,0.0010211680987448827,0.998017095809381,0.0009617360918741021
Homer Chicken Coop with Nest Box,0.11761149888377535,0.5859449338300302,0.2964435672861943
Flared Wing Bed - Single 3ft / Plush Fabric / Silver,0.018055888832263563,0.9799554293318796,0.001988681835856703
50x Adjustable Micro Plants Irrigation Grass Watering Emitter Drip Sprinklers,3.0204460184923727e-05,0.999845119270639,0.00012467626917614236
Black Leather-Look Footbed Flip Flops,0.013893796549302919,0.9780639478175702,0.008042255633126886
Snuggle Beds Memory Ortho Luxe 5' King Size Mattress,0.009492901559496836,0.9891118776233104,0.001395220817192766
150cm Novelty Floor Lamp,2.8088279334730205e-05,0.9989588118858155,0.0010130998348498426
Bondi Beach Ocean Pool (50x70),0.0003865799785844795,0.9975749521043586,0.0020384679170567465
4baby 6ft Deluxe Body & Baby Support Pillow - Grey / White Stars,0.00818493141770925,0.9882899443376377,0.0035251242446531555
Spanx undie-tectable thong in beige,0.9759152170967055,0.020154915526561287,0.003929867376733272
Texture Line Shoulders (30x40),0.00016541834378022802,0.9994673584711531,0.0003672231850668697
"Briz Textured Glass Floor Lamp, Antique Brass & Pink",0.00545256519649139,0.9596611338272772,0.0348863009762314
x1 Baby Parasol Compatible With Infababy Colour: Sand Model: Fits All Models,0.003172731816778546,0.9943064567509522,0.0025208114322691558
x1 Holden Decor Holden Dcor Casimiro Plaint Textured Concrete Effect Distressed Paint Wallpaper 35840  Sample Request,0.0013260343640826055,0.9967947865519653,0.0018791790839521004
World Map Grey Watercolor (50x70cm),1.3428801000468718e-05,0.9990352286213676,0.000951342577631843
The Last Five Years Movie Poster,0.038659821676659725,0.9560140037111929,0.005326174612147391
Chakra Bubble Candle Holder Large Bronze,0.000631582391364024,0.9983681127133357,0.0010003048953003228
Men Women Outdoor Sports Mesh Hat Quick Dry Breathable Baseball Cap Camping Sunscreen Adjustable Hat,0.1143565549709482,0.8352746395429105,0.05036880548614135
Grey 'Duvet day' pyjama set 9-10 Yrs Grey,0.2567277389787577,0.7319468541376596,0.011325406883582573
Surfers wave Poster (21x30 cm (A4)),7.184195755338883e-07,0.9999973400347173,1.941545707205122e-06
Cotton Plant Blue (13x18cm),6.494495119765942e-08,0.9999994634889374,4.7156611130355004e-07
Gold Monstera No1 (21x30),0.0002570431513940236,0.9994013683194073,0.0003415885291987775
Swan Dirtmaster Carpet Washer - Black,0.00413703710731576,0.9954851894046096,0.0003777734880747639
Chaim Wall Mounted Mirror,0.000302642915319906,0.993818571369305,0.0058787857153752175
FREE -  Relax Candle,8.364487132883042e-05,0.9996521981804913,0.00026415694817978077
Yankee Candle Cuban Mojito Votive Candle 49g,3.431531630434282e-06,0.9997386367952689,0.0002579316731006618
Blue Peony No1 (21x30),0.00011137229516239476,0.9995813137360907,0.00030731396874685485
Milton Sterilising Tablets 28 pack,0.004333357989161198,0.9947550264390123,0.000911615571826633
Bedford Travel Medium Logo Stripe Passport Wallet,0.30355865007968774,0.6444280603588722,0.05201328956144004
Kitsch Kitchen Gloria Jar/ Planter,0.003988641869163176,0.9899562472739066,0.006055110856930338
Matilda Midsleeper Cabin Bed with Underbed Storage Drawers in Silk Grey,0.03071800958100409,0.9683686538620616,0.0009133365569342251
Rattan garden furniture set Nizza,0.0012386590909673487,0.9985221690341813,0.0002391718748513464
Dreamscene Marble Geometric Duvet Set - Grey/Blush,0.001311143976169887,0.9966751478036902,0.002013708220140007
Oscar Wilde Happy Poster (21x30 cm (A4)),1.270945085470189e-07,0.9999992239688382,6.48936653149465e-07
NEW! PILLOW TALK JUST-KISSED GLOW KIT,0.002471264057629323,0.9572409456876888,0.04028779025468177
Hartman Vienna Square Corner Sofa Lounge Set in Xerix / Slate,0.024074366188234785,0.9725405299559206,0.0033851038558446642
Beamond Bedspread Set with 2 Pillowcases,0.009475539514790032,0.9839292378963026,0.0065952225889075785
Hatstore Exclusive x New York Yankees Essential 9Fifty Stretch Black Adjustable - New Era,0.0206222615404433,0.9702027896315821,0.009174948827974514
Citronella Candle in Glass Cup,0.00033779889621192964,0.9986122207737765,0.0010499803300115863
Blanche Ruched Duvet Cover,0.0015187900971070742,0.9973979029034874,0.0010833069994055692
A.Kjaerbede round sunglasses in orange,0.9901536186663553,0.0037187814662827585,0.0061275998673621405
Brentfords Pinsonic Duvet Set - Silver,0.0018245928520042808,0.9980330903006918,0.0001423168473039748
3 Pack Ribbed Velvet Scrunchie,0.00259732868112481,0.9970730847995221,0.0003295865193530174
Clarinda Upholstered Dining Chair,0.0007247670998232901,0.9985813893673146,0.0006938435328620688
Walnut Frame 30x40 cm,0.005409312934553317,0.9934898374227958,0.0011008496426508755
Typo x Friends tea towel with central perk print,0.029943650536756274,0.9650054348603556,0.005050914602888083
Why Plant I Palm Playsuit,0.053243589551824184,0.9438991266167938,0.0028572838313820023
NcVicar 4 Seater Sofa Set,0.0016171201387191222,0.9976952053357716,0.000687674525509351
Namastay In Bed (50x70),1.0525288147660692e-08,0.9999999806046195,8.870092255679897e-09
180 Degree Freely  Rotating Desktop Makeup Mirror,2.5185648645290993e-05,0.9709195528427448,0.02905526150860987
IP44 Rated LED Battery Operated Bathroom Mirror,0.00029385597331590117,0.9977755999225922,0.0019305441040917113
Four Slice Sparkle Rose Gold Toaster,0.04795055325817561,0.9367129561362998,0.015336490605524585
Streets of London (50x70),0.00026502192154612164,0.998461047537232,0.0012739305412219153
Maude Duvet Cover Set,7.836656435064224e-05,0.9998719398583377,4.969357731175509e-05
Party Heels On (30x40),0.0003576723772970489,0.9993721650596918,0.0002701625630110613
Brodsworth Curtain Fabric Chintz,0.0030674893332135198,0.9907031919096044,0.006229318757182078
Lake House Poster (50x70 cm),4.969478787550543e-07,0.9999952557402637,4.247311857349922e-06
45cm Cotton Empire Lamp shade,0.00025778706136934547,0.9989958948981899,0.0007463180404408238
Black & White Shapes No3 (30x40),0.00041655907317205294,0.9992470030589297,0.0003364378678984057
The Ritual of Sakura Scented Candle,0.0006422544420014251,0.9979503149962361,0.0014074305617622531
PILLOW TALK DREAMY EYE KIT,0.0024666919275985544,0.9158753769219701,0.08165793115043128
Noodle 0+ Highchair Unicorn Land,0.026999224993258544,0.96791182269415,0.005088952312591321
It's Not What We Have Poster (21x30 cm (A4)),2.1615649222129673e-08,0.9999997413513698,2.3703298103705582e-07
Passe-partout 50x70 cm White,0.012526455863142683,0.9840089663052042,0.0034645778316532163
Abstract Figures No2 (50x70),0.00011199356869373033,0.9997381319588512,0.0001498744724548692
A4 Letter Basket in Pink,0.013123447942459872,0.9856953262511302,0.001181225806409825
Lines Poster (50x70 cm),7.457043134147682e-07,0.9999969919473081,2.262348378467511e-06
x1 Malme Coffee Table in Grey and Natural Pine,0.0018099750763936294,0.9974659681352003,0.0007240567884061492
3-Piece Nula Nest of Tables Set,0.013745203986431071,0.9809166002336528,0.005338195779916018
x2 A.S. Creation AS Creation Industrial Stone Concrete Wallpaper Metallic Black Gold,0.01858793398349569,0.9763846435860245,0.005027422430479638
NEW! PILLOW TALK LIP SECRETS,0.00032554123293042977,0.9976063189909946,0.0020681397760750632
Picture frame gold (50x70cm) plexi,2.3199899398084445e-06,0.9999724676320679,2.5212377992180845e-05
Texture Line Hands (21x30),0.0001708332361414096,0.9994301997952842,0.00039896696857420636
Glass and metal candle lantern,0.0034486960255764704,0.9950954809955325,0.0014558229788910334
Lovehoney Bed Ringer Rechargeable Double Cock Ring Purple,0.10189597516636212,0.8864159179785513,0.011688106855086509
Balloon Walk Poster (40x50 cm),6.399407551709405e-07,0.9999980724430864,1.287616158410273e-06
Dissolve Me Poster (21x30 cm (A4)),3.511991774425519e-08,0.999999748138417,2.167416652549218e-07
POSTER HANGER WHITE 50x70 cm (19.7x27.5 in),0.0008471743524246952,0.9989043068508022,0.0002485187967730953
schuh brown sid footbed sandals UK 11,0.7909006443278381,0.18948381796341832,0.01961553770874366
Makaila Duvet Cover Set,7.836656435064224e-05,0.9998719398583377,4.969357731175509e-05
Bedford Small Pebbled Leather Crossbody Bag,0.2553405265938356,0.658961323487174,0.08569814991899047
1 Piece 7.5Feet Artificial Grape Ivy Leaf Garland Hanging Plants Vine Fake Foliage Flowers Wedding Home decorations,2.0304350345200337e-05,0.9999021867421921,7.750890746259308e-05
Crying Baphomet Candle Holder,2.3895150624050624e-05,0.9998326564180178,0.00014344843135819264
Mylee Pro Salon Series LED Lamp Convex - White (NEW),0.014793690727985457,0.9715435113273423,0.013662797944672248
Wave Pacific Inflatable Hot Tub - Grey Rattan (2-4 Person),0.003586015327626329,0.9898347498510954,0.006579234821278363
Nevada 3 Drawer Bedside Bedside WHITE,0.01773495509004998,0.9758823472872448,0.00638269762270513
Peytil Antibes Poster (30x40 cm),3.2051253582345274e-08,0.9999998153349686,1.5261377794744347e-07
Rowan Blue Plant Pots 2 Pack,0.013981791547660662,0.9826758896973999,0.003342318754939491
"Canvas 18 Piece Dinnerware Set, Service for 6",0.008356409837692123,0.9838726428779643,0.007770947284343535
New NEJE KZ10W 10000mW Laser Engraving Machine Extreme Speed Carver Mini Engraver Cutter Desktop DIY Printer For Windows/Macbook/APP Banggood World Premiere,0.007785005638684765,0.664575060715628,0.3276399336456874
Diesel Only The Brave Tattoo Eau de Toilette Spray 50ml,6.469694977406719e-06,8.064629662780947e-05,0.9999128840083948
Disney x Skinnydip Pascal Shock Case - iPhone 12 Pro Max,0.0026066404255176132,0.0004339369972238611,0.9969594225772586
Bondi Sands Pure Concentrated Self Tan Drops Medium 40ml,1.8476321376647946e-06,0.0009392926835778266,0.9990588596842847
Style & Grace Botanique Pamper Pot,0.05908230800136048,0.8762052263039299,0.06471246569470943
9PCS Universal Car Seat Covers Full Set Tire Line Pattern Rear Split 3 Colors,0.019496442861670172,0.9059766998376486,0.07452685730068125
Pokemon: Growlithe Funko Pop (New York Toy Fair 2020),0.012130753637319878,0.02523698399322882,0.9626322623694513
GWP Deluxe Better Than Sex Mascara 3.9g,0.00026830446099830737,0.007237171372978313,0.9924945241660234
Snowstorm - iPhone 12 Pro Max / Tough,0.0008698450599609952,0.0005040461315085106,0.9986261088085305
"Signature Moisturiser M1 with Hyaluronic Acid, Vitamin C, Vitamin E and Argan Oil - Mandarin Scented (50ml)",7.99357173364489e-06,0.00013001791626117743,0.9998619885120053
"Microsoft Xbox Wireless Controller - Game Pad - kabellos - Bluetooth - Shockblau - für PC, Microsoft Xbox One, Android, iOS, Microsoft Xbox Series S, Microsoft Xbox Series X",0.0009435748946366425,0.006386659365787419,0.992669765739576
SAMPLE - Face Cream Women,0.10286185718334312,0.031862872862984434,0.8652752699536724
x1 Pokemon Dragon Majesty Special Collection: White Kyurem GX Box,0.01491582128546993,0.043795023172628365,0.9412891555419016
Rubber Brush 5x16.5cm/2x6.5in Blue,4.2797492955868905e-05,0.0038466477368344736,0.9961105547702096
Revlon Charlie Red Eau de Toilette Spray 100ml,5.142735958449073e-06,7.991322029083361e-05,0.9999149440437506
Prada L'Homme Eau de Toilette Spray 100ml,3.0799171775084416e-06,8.297892111315196e-05,0.9999139411617094
FRENCH TERRY SWIPES SAGEBRUSH GREEN,0.7790429811806336,0.11218006335785588,0.10877695546151049
MYGEL by Mylee Copper Shine Gel Polish 10ml,3.2387035241653545e-06,4.3596392510988875e-05,0.9999531649039649
Black Craft Cult - Believe In Yourself - Tank,0.5543707264763381,0.2583367864688745,0.18729248705478732
Jimmy Choo Flash Eau de Parfum Spray 100ml,1.593367406326217e-05,0.00020452299367988526,0.9997795433322569
x1 Pokmon JAPANESE Pokemon S2a Explosive Flame Walker Booster Pack,0.0022477009577842955,0.01070375180923595,0.9870485472329797
x2 Pokemon SM Crimson Invasion 060/111 Deino Condition: Mint / Near Mint,0.009297399397203558,0.0017396896579285359,0.9889629109448679
iDeal Of Sweden Saffiano Case iPhone 11 Green,0.0008540625957539078,0.00038128821645934597,0.9987646491877868
Rose Gold Glam Bake Off Angled Powder Brush,0.0032196154202667935,0.002351000602288053,0.9944293839774452
x1 Pokemon Boundaries Crossed 014/149 Cottonee Condition: Mint / Near Mint,0.002354542741510474,0.00047759760269551666,0.9971678596557941
PUMA RS-X3 Puzzle Infant,0.001923456828313249,0.0015110150973999218,0.9965655280742869
STATUE CASE - iPhone 11 Pro Max / Tough Glossy,0.0006017738908086868,0.00020363353943363754,0.9991945925697577
Sally Hansen Good Kind Pure Nail Polish - Pink Cardamon,0.007520240454364009,0.014591304945236798,0.9778884546003991
Lipstick Print Round Neck Tee,0.9997624728516078,1.60389313694435e-05,0.0002214882170227986
Makeup Revolution Create Ultimate Powder Brush R12,6.16518514951725e-06,2.730105873225712e-06,0.9999911047089773
Halfords - Click and Collect Erdington,0.001123031316775799,0.0005977265409107411,0.9982792421423134
x1 Pokemon Boundaries Crossed 075/149 Gothita Condition: Mint / Near Mint,0.002354542741510474,0.00047759760269551666,0.9971678596557941
Rose Petal 25 Eau De Toilette,0.0006260361724845807,0.0016773040366736603,0.9976966597908417
Miss Selfridge 2 pack face covering in cream floral,0.008012032017688134,0.004584945961299129,0.9874030220210128
x1 Atlantic Handles 76mm 3 Ball Bearing Hinge Pair Polished Chrome A2HB32525PC,0.01796472215373191,0.48896978258599877,0.4930654952602693
Seychelles Fragrance Oil (Bottle Size: 100ml),1.0480135529020362e-05,5.6564587938057745e-05,0.999932955276533
Mini girls pink dogtooth cardigan outfit 2-3 Yrs Pink,0.6350580275452221,0.006778857573104391,0.3581631148816734
Palmer's Coconut Oil Formula Strengthening Leave in Conditioner 250ml,1.3738318585198718e-05,0.0006484812432216566,0.9993377804381931
PADDED BIB HYBRID WITH TIES,0.00869211953938546,0.0026332111819452365,0.9886746692786694
Mylee Amethyst Gel Polish 10ml,3.3697267939611607e-06,0.00010438789615643685,0.9998922423770497
Mylee Blue Lagoon Gel Polish 10ml,7.809825786841584e-06,0.0003667092878512993,0.9996254808863618
adidas white superstar el trainers toddler UK 7,0.003173446663929777,8.340989363010432e-05,0.9967431434424401
Meet your Hue Concealer 50g,2.0329850360397125e-06,1.2720717568007424e-05,0.9999852462973959
x1 Pokemon Boundaries Crossed 125/149 Unfezant Condition: Good,0.0007816327021870186,0.0007210887262944443,0.9984972785715186
3 Pack Girls Bibs - 1-Size,0.014348819612002581,0.0014971978279496344,0.9841539825600478
1pc Electric Drill Brush,7.376557102489548e-05,0.0006047013880628737,0.9993215330409123
Lancôme | Women's fragrances | La Vie est Belle | Eau de Parfum Spray | 30 ml,0.0009367633447424542,0.0010808497842597657,0.9979823868709978
Halfords - Click and Collect Mile End Road,0.005166165520786083,0.027417188849467606,0.9674166456297463
1pc Leaf Print Collapsible Phone Finger Holder,0.0031380870501243304,0.029357810126065555,0.96750410282381
Halfords - Click and Collect Eastleigh,0.001123031316775799,0.0005977265409107411,0.9982792421423134
L'Oréal Paris Infallible More Than Concealer - 327 Cashmere,0.0038549636214811277,0.002633114606364533,0.9935119217721543
Minimal Pink Shock Case - iPhone 12 / 12 Pro,0.001166006299798079,0.00022216771484435762,0.9986118259853576
iPhone 2 In 1 USB Converter,0.0013117390391877031,0.004546967584542542,0.9941412933762698
Grey Brushed Marl Split Hem Leggings,0.14811157055477428,0.0011781663083036565,0.850710263136922
ASOS DESIGN lounge brushed jogger short in grey marl,0.8686838070154748,0.0023669190375950775,0.12894927394693018
Peony & Blush Suede Fragrance Oil (Bottle Size: 50ml),0.00013230882462849598,0.001244219811375421,0.9986234713639961
My White Secret Day & Night Toothpaste,0.044214758897252265,0.05020938940913443,0.9055758516936134
MYGEL by Mylee Sky dive Gel Polish 10ml,1.679021352014276e-05,0.0002630171211263296,0.9997201926653535
x1 Pokemon Sun  Moon Promo SM240 Espeon  Deoxys GX TAG TEAM Full Art Condition: Mint / Near Mint,0.005892159900414699,0.005303508132522196,0.9888043319670632
Concealer Buffer Brush (142) - Bamboo,1.9310925395646675e-06,2.197715608515846e-06,0.9999958711918518
Jean Paul Gaultier la Belle Eau de Parfum Spritzer 1.5ml (Free Gift),4.378963906980404e-05,0.0015494779437096777,0.9984067324172206
DKNY Be Delicious Eau de Parfum for Women: 30ml,1.8250818902455337e-05,0.00011798263088473806,0.9998637665502128
Conceal & Hydrate Concealer C5,0.005912734481551442,0.0054663933246427215,0.9886208721938058
60ml Hand Sanitizer Gel Travel Cute 75% alcohol Antibacterial Disinfection,0.0001672569095386788,0.09712037352215598,0.9027123695683053
Perfume Your Bin Starter Set with Holder and Capsule,0.014140728956537955,0.21875481161458585,0.7671044594288763
4pcs New Aloe Vera Moisturizing Lip Stick Lipstick Color Mood Changing Long Lasting,0.0037741509984012996,0.008427648695410548,0.9877982003061883
ASOS DESIGN lounge brushed jogger in grey marl,0.4974683750469131,0.00437124878102568,0.49816037617206116
Monkey Farts Fragrance Oil (Bottle Size: 100ml),9.31701044559927e-06,5.5883852452490514e-05,0.999934799137102
P.Louise #662 Contour Brush,0.00010719136066544662,6.236320928065816e-05,0.999830445430054
x1 Pokemon Boundaries Crossed 010/149 Shaymin Condition: Mint / Near Mint,0.002354542741510474,0.00047759760269551666,0.9971678596557941
Mylee A day in paradise Gel Polish 10ml,1.3859291503764094e-05,0.0003033858688530504,0.9996827548396431
CHERRY BLOSSOM clear suede brushes One size,0.11214506939807402,0.018033366293020107,0.8698215643089058
50pcs box of natural aromatherapy indoor spice sandalwood clean air incense burner aromatherapy fragrance spice fresh air,0.02995796545146206,0.060694495620186244,0.9093475389283517
1pc Phone Privacy Screen Protection Film,0.00020572296725021748,0.0007788842763219085,0.9990153927564278
Halfords - Click and Collect Sydenham,0.001123031316775799,0.0005977265409107411,0.9982792421423134
x2 Pokemon Sword  Shield Base 161/202 Energy Search Condition: Mint / Near Mint,0.0031955517900667044,0.001019615674780942,0.9957848325351524
x1 Pokemon SM Guardians Rising 112/145 Stufful Condition: Mint / Near Mint,0.005908977020198964,0.0006801139521018416,0.9934109090276991
Paco Rabanne Pour Homme Eau de Toilette Spray 100ml,7.327026494575043e-05,0.0004263252260742063,0.99950040450898
Soap Dispenser Matt Black,0.05662463694264345,0.0008419970680668003,0.9425333659892896
Matte Lipstick Pinky Promise 4.5ml,3.3730347148569933e-06,2.6195831885549588e-05,0.9999704311333997
LullaBellz super thick 26 inch 5 piece statement straight clip in hair extensions in dark brown,0.12512895999510076,0.00851971763423678,0.8663513223706624
NYX Professional Makeup Suede Matte Lip Liners - Dainty Daze,0.0009349015346128641,0.0012659572064167082,0.9977991412589704
Revolution Skincare Skincare Colloidal Silver Serum,0.0002731337207608101,0.00029213038150888995,0.9994347358977302
CREME ALLURE  Lipstick - NUDE,0.014134056229909117,0.005594332237103764,0.9802716115329871
Sunkissed Self Tan Mousse Dark 200ml,1.7165403799474714e-06,0.00033189788713892715,0.9996663855724811
Revolution Pro New Neutrals Blushed Satin Matte Lipstick - Plush,0.004805152867969719,0.0008841758580818383,0.9943106712739486
Heavenly Luxe Angled Radiance Brush #10,0.0012736725428253487,0.0007222051574459823,0.9980041222997286
birkenstock black milano eva sandals toddler UK 9,0.020163414639716312,0.00038560711112042297,0.9794509782491633
Femme Tastic Perfume 50 ML - 50 ML,0.005787540314843484,0.00462465651495912,0.9895878031701973
Matte Lipstick Coral Crush 4.5ml,1.5632974371111314e-05,0.00022914060859060537,0.9997552264170384
Foil Frenzy Fusion Eyeshadow Palette 13g,9.669434630008086e-06,0.0012393501761779238,0.9987509803891922
Dolphin Shaped Self Adhesive Bra,0.015679782588699374,0.006356194380335824,0.9779640230309647
Halfords - Click and Collect St. Austell,0.016257884450589778,0.004466771328928275,0.979275344220482
nike white air force 1 trainers toddler UK 6.5,0.005518469901842679,0.0007315275062933776,0.993750002591864
Halfords - Click and Collect Speke,0.001123031316775799,0.0005977265409107411,0.9982792421423134
Makeup Revolution Superdewy Liquid Blush Flushing For You,4.7986593233494606e-05,0.0004316309288800777,0.9995203824778863
Revolution Skincare Super Salicylic Serum,0.0005537217666734337,0.001115700740738235,0.9983305774925884
Pure Whey Protein Isolate 95,0.0802333110974378,0.010052869660934757,0.9097138192416275
"Soultanicals Chebe-Ginger, Supa Deep Conditioner 8 oz",0.006605746157151612,0.0022095846757515555,0.9911846691670968
Pure Series™ Pure Whey Isolate™ 97 Unflavoured 500g,0.002029035830504649,0.007573532326274346,0.9903974318432209
theBalm Cosmetics Lips Meet Matt(e) Hughes: Exclusive Set,0.036008922130841316,0.12584545345166057,0.8381456244174982
Makeup Revolution Create Soft Focus Brush R6,1.8594320399920816e-06,3.3627011833560848e-06,0.9999947778667766
Miss Selfridge frill spot shirt in black,0.9488390633903214,0.0025426656916556264,0.0486182709180228
M6 - PRO FLAT BUFFER BRUSH,0.0010627926812418556,0.00036435690839836963,0.9985728504103597
adidas Badge Of Sport Box Tracksuit Infant,0.015961829568501167,0.0012914145632819752,0.9827467558682169
Stila Iridescent Glitter & Glow Duo Chrome Liquid Eyeshadow Set,0.0019059886010539804,0.01888283592908008,0.979211175469866
Makeup Revolution Powder Matte Lipstick Naked,8.33882365834848e-06,8.451019800282356e-06,0.9999832101565413
"Regena-C Moisturiser M4 with Retinol, Vitamin C and Hyaluronic Acid - Unscented 50ml Glass Jar",7.711587695131156e-05,0.005151734160458947,0.9947711499625899
adidas white & silver superstar trainers toddler UK 3,0.016996464861861755,0.00014322636331584043,0.9828603087748223
Citronella Fragrance Oil 10ml,1.653080078065391e-06,2.049797475395835e-05,0.999977848945168
Huda Beauty Matte & Metal Melted Eyeshadow 4ml Wednesday & Fro-Yo,3.684743725683106e-05,0.0005132495540692048,0.9994499030086739
Kelly Trumpet Mouthpiece Tone Sleeve,0.9356769386678255,0.03492917861304161,0.029393882719132833
Wave Pattern iPhone Case,0.0012311185039270882,0.002124732569531052,0.9966441489265419
Midnight Blue Phone Case (iPhone XR) - Midnight Blue Phone Case (XR) - Metal Lettering,2.173561311705447e-05,7.476679668315701e-05,0.9999034975901997
Vans Old Skool Infant,0.0020779652587445013,0.002374671311766405,0.9955473634294891
Givenchy L'Interdit Eau De Parfum Spray 50ml,7.918604193019595e-07,2.0914172463778362e-05,0.999978293967117
dr martens bronze 1460 pascal boots toddler UK 5,0.006297542381583866,0.00015749644665338694,0.9935449611717628
L'Oreal Elvive Extraordinary Oil Coconut Conditioner for Normal to Dry Hair 500ml,1.1550261405713029e-06,5.310469497588998e-05,0.9999457402788834
30Ml/50Ml/100Ml Baking Soda Whitening Toothpaste Teeth Different Fruit Flavors Intensive Stain Removal Fight Bleeding Gums Repair Toothpaste Cleaning Oral Care,0.002873985478964807,0.010493032047627261,0.986632982473408
NARS Kabuki Brush - Yachiyo Brush,3.4556741545823566e-06,2.885289320606694e-06,0.9999936590365248
Rimmel London Lasting Finish Lipstick Coral In Gold,0.00961648672822462,0.01388943205302338,0.976494081218752
Dark Opium Fragrance Oil - 50g,0.0001280544942896047,0.0009143312896782726,0.9989576142160321
Amazing Space Formula C Repair face cream,0.027335885283389618,0.03800679320626494,0.9346573215103454
Wing Liner Brush (317) - Rose Golden,0.0003095962356109167,0.0015563268295075811,0.9981340769348814
Revolution Pro Regeneration Eyeshadow Palette - Astrological,5.152461143791757e-05,4.7215834952089586e-05,0.9999012595536099
IDEAL OF SWEDEN Fashion Case iPhone 8 Dark Floral,0.0018440112236984942,0.0018953458764217758,0.9962606428998797
Creed Aventus Eau de Parfum Spray 100ml,1.127888803739318e-06,2.4037474561857707e-05,0.9999748346366344
6packs Nail Art Glitter Powder & 1pc Brush,7.948571165040801e-06,0.000538784584686628,0.9994532668441484
Halfords - Click and Collect Seafield,0.001123031316775799,0.0005977265409107411,0.9982792421423134
Boohoo Luxury Cosmetic Sponge,0.017561887999820787,0.0216819540644919,0.9607561579356872
Tommy Hilfiger Girl Eau De Toilette 50ml,9.036857455457393e-05,0.0004339353884440921,0.9994756960370014
Burberry London for Women Eau de Parfum for Women 100 ml,0.00822017458124693,0.001894612341258313,0.9898852130774947
Antimatter Lipstick - Glowstick,4.473800158676242e-05,4.294058380095514e-05,0.9999123214146123
1pc Lightning iPhone Case,6.151840273551586e-05,8.560464389225e-05,0.9998528769533722
x1 Mintini Baby Bib Ivory Size: One Size,0.03475390910456841,0.09495810080486929,0.8702879900905623
x1 Givenchy Gentleman Pour Homme  100ml Eau De Toilette Spray,3.190605606254423e-05,0.0007882652887163194,0.9991798286552211
Bondi Sands Self Tanning Ultra Dark Foam - 200ml,4.542131695759975e-06,0.00024507073022711083,0.9997503871380771
Cosnature | Skin care | Body care | Hydro Hand Wash Water Lily | 300 ml,0.012856819957058051,0.02898891082076208,0.9581542692221798
MAC Mini MAC Matte Lipstick - Breathing Fire,0.008828033216698427,0.001276997236717353,0.9898949695465843
Technic Back Combing Brush,0.0010806971779529929,0.0010318273593520695,0.997887475462695
The Neutral Matte Eyeshadow Palette,0.0003019617851472037,0.00019192190225883195,0.999506116312594
"LullaBellz Grande Lengths 26"" Straight Pony Extensions Choc Brown",0.07193605374384003,0.014434159598579731,0.9136297866575803
igor clear star cristal trainers toddler UK 5,0.0029661672657832006,0.00010000716758373199,0.9969338255666331
Tired Already Longline Vest - 12,0.17788319203665862,0.5599635720071681,0.26215323595617335
Ralph Lauren Polo Red Rush Eau de Toilette Spray 125ml,0.00044556070067287027,0.000593547911797838,0.9989608913875293
x1 Pokmon Pokemon Card Bundle in Tin  x50 Cards Including Holo Promos  V/GX,0.006571757906626633,0.03228588326923041,0.961142358824143
Seletti X Toiletpaper 'Lipsticks' Face Mask,0.08528645222987696,0.008473954139748248,0.9062395936303748
4pcs Stainless Steel Straw & 1pc Cleaning Brush & 1pc Pouch Bag,0.005792026894867287,0.07121500942718942,0.9229929636779433
Aquolina Pink Sugar eau de toilette prov för Kvinnor 1 ml,0.0022184644822863175,0.0009443313135750788,0.9968372042041386
Rimmel Day to Night Mascara Black,0.0028949280582945204,0.0035459683748475007,0.9935591035668581
Houndstooth Pattern Baguette Bag,0.0018188754423581093,0.029808261998606436,0.9683728625590355
Oud Wood Fragrance Oil (Bottle Size: 100ml),8.691532291964857e-05,0.0012501670809301729,0.9986629175961502
Strawberry Kiwi Fragrance Oil (Bottle Size: 100ml),2.6779689024975668e-05,0.0003629822490745501,0.9996102380619005
Sleek MakeUP Highlighting Elixir - Poppin' Bottles,0.0008843968065878666,0.001636798477359049,0.9974788047160531
Beyonce Rise Eau de Parfum 100ml,2.209710854947233e-05,0.00018155540228533828,0.9997963474891651
new balance grey & navy xrc trainers toddler UK 6,0.016838380438011547,0.00022601613771033573,0.9829356034242781
Super Thick 22 5 Piece Blow Dry Wavy Clip In Hair Extensions,0.001234063024304445,0.004182290612799784,0.9945836463628958
YSL Black Opium Eau de Parfum Spray 90ml,5.1893665217235706e-05,0.00031956949762935224,0.9996285368371534
Mega Clear Mascara Clear,0.004877531249861289,0.010134176191650662,0.984988292558488
Rose Gold Glam Round The Blend Blending Brush,0.01408620953559187,0.009174548219800547,0.9767392422446075
Sakila Trouser in Wavey Dogtooth - S,0.009370753016037653,0.0011385157237925817,0.9894907312601697
Miss Selfridge rouched midi dress in ditsy floral,0.889055249925422,0.0006799298552677317,0.11026482021931037
Fashion LV Phone case For iPhone 11 11Pro 11Promax SE 2020 Soft Silicone Cover iPhone 6s 7 7Plus 8 8Plus X Xr Xsmax Samsung Galaxy S8 S8Plus S9 S9Plus S10 S10Plus S20 Fundas Coque,2.9849379048245835e-06,0.00017918906878292392,0.9998178259933123
MAGIC BRIDAL MAKEUP KIT,0.0012257005245734337,0.00010561518640189412,0.9986686842890246
SAMPLE - Thick Shampoo & Conditioner Duo,0.003121426316951477,0.0052918278907370195,0.9915867457923114
Purple Rain Fragrance Oil (Bottle Size: 50ml),2.3280512850824204e-05,0.0005531248634997874,0.9994235946236494
NYX Professional Makeup Precision Brow Pencil,0.0004606800534304406,0.0022861054770163774,0.9972532144695532
Isle of Paradise Self Tanning Drops - Medium 30ml,7.166351233155957e-06,0.0010155251811051929,0.9989773084676615
Revolution Skincare Revolution Skincare x Jake - Jamie Toffee Apple Face Mask,8.185552696194796e-05,8.635316959476792e-05,0.9998317913034432
Exo Terra Reptile Multi Vitamins 70g,0.00117574430148138,0.12044944758091432,0.8783748081176044
Miss Selfridge boucle double breasted blazer in black,0.7282941329859414,0.0026257425239006303,0.269080124490158
Motorcycle & Letter Graphic Crop Tee,0.999848713063521,0.00011980170796212842,3.148522851689644e-05
x1 Mahogany Deluxe 18 Seamless Clip In Human Hair Extensions 180g,0.00020844039645305667,0.0010323175701904567,0.9987592420333565
The BUBBLEGUM Eyeshadow Palette,0.0001221364631928482,0.0001376450166908009,0.9997402185201163
